<?xml version="1.0" encoding="UTF-8"?>
<project-private xmlns="http://www.netbeans.org/ns/project-private/1">
    <editor-bookmarks xmlns="http://www.netbeans.org/ns/editor-bookmarks/2" lastBookmarkId="0"/>
    <open-files xmlns="http://www.netbeans.org/ns/projectui-open-files/2">
        <group>
            <file>file:/H:/Uni/Year%203/Project/Project%20Base%20v2/src/java/Bean/PatientDataBean.java</file>
            <file>file:/H:/Uni/Year%203/Project/Project%20Base%20v2/web/PatientData.xhtml</file>
            <file>file:/H:/Uni/Year%203/Project/Project%20Base%20v2/web/My_Patients.xhtml</file>
            <file>file:/H:/Uni/Year%203/Project/Project%20Base%20v2/web/DashBoard.xhtml</file>
            <file>file:/H:/Uni/Year%203/Project/Project%20Base%20v2/src/java/Entity/Patientdata.java</file>
            <file>file:/H:/Uni/Year%203/Project/Project%20Base%20v2/web/PatientData_2.xhtml</file>
        </group>
    </open-files>
</project-private>
